review_score,total_avaliacoes,percentual
1,13945,12.588694097893008
2,3811,3.4403379854478486
3,9322,8.415332117644935
4,21014,18.970155451640277
5,62682,56.58548034737393
