Métrica,Valor
count,73.0
mean,183727.5126027397
std,301015.1347272055
min,283.28999999999996
25%,7528.41
50%,46328.37
75%,191498.88
max,1258681.34
